[
    {
        "id": 21,
        "owner_id": 21,
        "description": "Sit et porro totam ut animi qui aliquam sit. Vero alias quis eos et maiores at. Reiciendis maxime rerum et est sit optio vero.",
        "address": "1991 Oxford St E London N5V 2Z7",
        "latitude": null,
        "longitude": null,
        "price": "13.00",
        "image": "2.png",
        "created_at": "2019-03-01 14:51:53",
        "updated_at": "2019-03-01 14:51:53",
        "deleted_at": null,
        "users_count": 66
    },
    {
        "id": 28,
        "owner_id": 28,
        "description": "Cum repellendus facere dolorum praesentium aut voluptas. Quia inventore voluptas aut dolore. Qui laudantium impedit officia omnis ipsam.",
        "address": "1151 Richmond St. N. London N6A 5K9",
        "latitude": null,
        "longitude": null,
        "price": "10.00",
        "image": "4.png",
        "created_at": "2019-03-01 14:51:53",
        "updated_at": "2019-03-01 14:51:53",
        "deleted_at": null,
        "users_count": 65
    },
    {
        "id": 24,
        "owner_id": 24,
        "description": "Enim et dicta sed corrupti id iure. Minus assumenda enim consectetur reiciendis nobis veritatis corporis. Odio reiciendis voluptatibus ut sint occaecati. Laudantium maiores iste cum magni quia.",
        "address": "255 Queens Ave London N6A 5R8",
        "latitude": null,
        "longitude": null,
        "price": "12.00",
        "image": "0.png",
        "created_at": "2019-03-01 14:51:53",
        "updated_at": "2019-03-01 14:51:53",
        "deleted_at": null,
        "users_count": 64
    },
    {
        "id": 23,
        "owner_id": 23,
        "description": "Doloribus dolor et voluptas mollitia et. Laudantium possimus tempore eius autem ea mollitia labore.",
        "address": "490 Oxford Street East London N5Y 3J1",
        "latitude": null,
        "longitude": null,
        "price": "9.00",
        "image": "4.png",
        "created_at": "2019-03-01 14:51:53",
        "updated_at": "2019-03-01 14:51:53",
        "deleted_at": null,
        "users_count": 62
    },
    {
        "id": 1,
        "owner_id": 1,
        "description": "Commodi id qui quam quisquam consectetur. Possimus voluptatum dolor alias modi culpa enim eaque omnis. Quod molestiae sed qui dolorem. Inventore nihil dolorem omnis laboriosam dolores.",
        "address": "1010 Clarke Rd London N5V 3B2",
        "latitude": null,
        "longitude": null,
        "price": "5.00",
        "image": "2.png",
        "created_at": "2019-03-01 14:51:52",
        "updated_at": "2019-03-01 14:51:52",
        "deleted_at": null,
        "users_count": 59
    },
    {
        "id": 15,
        "owner_id": 15,
        "description": "Qui maiores consequatur qui eligendi. Harum ab numquam est mollitia. Et odio non officiis ut eius corrupti.",
        "address": "1001 Fanshawe College Blvd London N5Y 5R6",
        "latitude": null,
        "longitude": null,
        "price": "11.00",
        "image": "1.png",
        "created_at": "2019-03-01 14:51:52",
        "updated_at": "2019-03-01 14:51:52",
        "deleted_at": null,
        "users_count": 59
    },
    {
        "id": 27,
        "owner_id": 27,
        "description": "Adipisci exercitationem et libero atque aliquid. Ipsum quo ratione ut quia quam.",
        "address": "1151 Richmond St London N6A 5C1",
        "latitude": null,
        "longitude": null,
        "price": "15.00",
        "image": "3.png",
        "created_at": "2019-03-01 14:51:53",
        "updated_at": "2019-03-01 14:51:53",
        "deleted_at": null,
        "users_count": 58
    },
    {
        "id": 35,
        "owner_id": 35,
        "description": "Deserunt enim explicabo itaque distinctio mollitia qui rerum aperiam. Delectus in doloremque nemo temporibus voluptatem corporis similique voluptatum. Ad et est voluptatum quia laboriosam quia amet iure. Quasi nisi atque ex ut.",
        "address": "540 Wharncliffe Rd S London N6J 2N4",
        "latitude": null,
        "longitude": null,
        "price": "16.00",
        "image": "1.png",
        "created_at": "2019-03-01 14:51:53",
        "updated_at": "2019-03-01 14:51:53",
        "deleted_at": null,
        "users_count": 58
    },
    {
        "id": 13,
        "owner_id": 13,
        "description": "Consequatur ut beatae molestiae non quis assumenda. Quas quae maiores ut fugit quos. Et est enim tempora.",
        "address": "251 Dundas Street London N6A 6H9",
        "latitude": null,
        "longitude": null,
        "price": "6.00",
        "image": "4.png",
        "created_at": "2019-03-01 14:51:52",
        "updated_at": "2019-03-01 14:51:52",
        "deleted_at": null,
        "users_count": 56
    },
    {
        "id": 38,
        "owner_id": 38,
        "description": "Eius error sapiente iure autem culpa voluptatem inventore aut. Consequatur qui ea eum error et qui.",
        "address": "217 York St. London N6A 5P9",
        "latitude": null,
        "longitude": null,
        "price": "12.00",
        "image": "4.png",
        "created_at": "2019-03-01 14:51:53",
        "updated_at": "2019-03-01 14:51:53",
        "deleted_at": null,
        "users_count": 56
    },
    {
        "id": 19,
        "owner_id": 19,
        "description": "Nam est labore quas sapiente. Odio facere et nulla doloremque a nihil dolor laborum.",
        "address": "1800 Huron St London N5V 3A6",
        "latitude": null,
        "longitude": null,
        "price": "8.00",
        "image": "0.png",
        "created_at": "2019-03-01 14:51:53",
        "updated_at": "2019-03-01 14:51:53",
        "deleted_at": null,
        "users_count": 55
    },
    {
        "id": 29,
        "owner_id": 29,
        "description": "Et sunt ab dolorum. Ea eum dignissimos qui quas quae voluptatibus maiores. Asperiores saepe explicabo ut saepe eum necessitatibus. Dolorem eaque asperiores distinctio debitis iusto tenetur officia.",
        "address": "383 Richmond St London N6A 3C4",
        "latitude": null,
        "longitude": null,
        "price": "7.00",
        "image": "0.png",
        "created_at": "2019-03-01 14:51:53",
        "updated_at": "2019-03-01 14:51:53",
        "deleted_at": null,
        "users_count": 55
    },
    {
        "id": 30,
        "owner_id": 30,
        "description": "Quo quo earum tempore recusandae tempora. Qui animi saepe est quod. Nihil commodi sed sunt placeat reprehenderit unde ducimus.",
        "address": "40684 Talbot Line St. Thomas N5P 3T2",
        "latitude": null,
        "longitude": null,
        "price": "6.00",
        "image": "1.png",
        "created_at": "2019-03-01 14:51:53",
        "updated_at": "2019-03-01 14:51:53",
        "deleted_at": null,
        "users_count": 55
    },
    {
        "id": 33,
        "owner_id": 33,
        "description": "Provident et facilis autem ad. Ea velit vitae quia consequatur. Cumque dolor enim porro maiores vitae deleniti amet.",
        "address": "355 Wellington St London N6A 3N7",
        "latitude": null,
        "longitude": null,
        "price": "10.00",
        "image": "4.png",
        "created_at": "2019-03-01 14:51:53",
        "updated_at": "2019-03-01 14:51:53",
        "deleted_at": null,
        "users_count": 55
    },
    {
        "id": 37,
        "owner_id": 37,
        "description": "Occaecati nam accusantium aut culpa possimus. Illum nam dolores corrupti. Ea porro dicta aliquam dignissimos eos.",
        "address": "250 York St #200 London N6A 6K2",
        "latitude": null,
        "longitude": null,
        "price": "17.00",
        "image": "3.png",
        "created_at": "2019-03-01 14:51:53",
        "updated_at": "2019-03-01 14:51:53",
        "deleted_at": null,
        "users_count": 55
    },
    {
        "id": 8,
        "owner_id": 8,
        "description": "Facere maxime illum autem optio. Ratione et deserunt error dolorem neque doloribus.",
        "address": "195 Dufferin Ave London N6A 1K7",
        "latitude": null,
        "longitude": null,
        "price": "12.00",
        "image": "4.png",
        "created_at": "2019-03-01 14:51:52",
        "updated_at": "2019-03-01 14:51:52",
        "deleted_at": null,
        "users_count": 54
    },
    {
        "id": 20,
        "owner_id": 20,
        "description": "Porro distinctio sint dolorum aliquam tenetur qui. Impedit maiores et eligendi magni libero. Ratione adipisci voluptas optio in. Incidunt sint iusto officiis dolore fugiat.",
        "address": "2045 Oxford St E London N5V 2Z7",
        "latitude": null,
        "longitude": null,
        "price": "17.00",
        "image": "1.png",
        "created_at": "2019-03-01 14:51:53",
        "updated_at": "2019-03-01 14:51:53",
        "deleted_at": null,
        "users_count": 54
    },
    {
        "id": 26,
        "owner_id": 26,
        "description": "Quos ad a quia. Sit perferendis tenetur corporis dolores est. Eos non quia dignissimos repellat. Id rerum numquam officia tenetur voluptate consequatur ab ipsa.",
        "address": "1151 Richmond St N London N6A 5B8",
        "latitude": null,
        "longitude": null,
        "price": "17.00",
        "image": "2.png",
        "created_at": "2019-03-01 14:51:53",
        "updated_at": "2019-03-01 14:51:53",
        "deleted_at": null,
        "users_count": 54
    },
    {
        "id": 32,
        "owner_id": 32,
        "description": "Ex iusto vel quasi. Sit autem qui ut aut consectetur neque nam. Aperiam ut odit nihil sit ut dolorem.",
        "address": "5200 Wellington Road South London N6E 3X8",
        "latitude": null,
        "longitude": null,
        "price": "10.00",
        "image": "3.png",
        "created_at": "2019-03-01 14:51:53",
        "updated_at": "2019-03-01 14:51:53",
        "deleted_at": null,
        "users_count": 54
    },
    {
        "id": 6,
        "owner_id": 6,
        "description": "Iure delectus numquam nihil ab. Eligendi suscipit eos velit odit ut voluptatum. Facere aspernatur quae at nihil adipisci. Magnam repudiandae possimus id corrupti.",
        "address": "300 Dufferin Ave London N6B 1Z2",
        "latitude": null,
        "longitude": null,
        "price": "13.00",
        "image": "2.png",
        "created_at": "2019-03-01 14:51:52",
        "updated_at": "2019-03-01 14:51:52",
        "deleted_at": null,
        "users_count": 53
    },
    {
        "id": 25,
        "owner_id": 25,
        "description": "Sed dolorem doloribus molestias nemo enim. Eius deserunt esse hic facilis dolorem et ut ipsa. Aut veniam ipsum odit alias fuga neque rerum nostrum. Eos sit eum sint quam fugiat et quo.",
        "address": "171 Queens Ave London N6A 5J7",
        "latitude": null,
        "longitude": null,
        "price": "7.00",
        "image": "1.png",
        "created_at": "2019-03-01 14:51:53",
        "updated_at": "2019-03-01 14:51:53",
        "deleted_at": null,
        "users_count": 53
    },
    {
        "id": 5,
        "owner_id": 5,
        "description": "Impedit sint accusantium voluptas ut iusto impedit. Quia quis omnis ea autem perspiciatis. Excepturi natus quod aspernatur numquam et nobis ut. Est quaerat odit accusantium id commodi placeat.",
        "address": "109 Commissioners Rd W London N6J 1X7",
        "latitude": null,
        "longitude": null,
        "price": "16.00",
        "image": "1.png",
        "created_at": "2019-03-01 14:51:52",
        "updated_at": "2019-03-01 14:51:52",
        "deleted_at": null,
        "users_count": 51
    },
    {
        "id": 10,
        "owner_id": 10,
        "description": "Velit esse ab ut quia. Debitis aut totam dolor eum qui in velit. Dolorum aliquam eum amet. Et veritatis atque doloremque eaque voluptatem nihil nostrum repudiandae.",
        "address": "1250 Dundas Street East London N6A 5L1",
        "latitude": null,
        "longitude": null,
        "price": "13.00",
        "image": "1.png",
        "created_at": "2019-03-01 14:51:52",
        "updated_at": "2019-03-01 14:51:52",
        "deleted_at": null,
        "users_count": 51
    },
    {
        "id": 16,
        "owner_id": 16,
        "description": "Nam ipsum ea facilis voluptas enim voluptates. Ad nemo cupiditate laudantium dolorem. Nostrum architecto dolor temporibus aut veritatis neque.",
        "address": "955 Highbury Ave London N5Y 1A3",
        "latitude": null,
        "longitude": null,
        "price": "17.00",
        "image": "2.png",
        "created_at": "2019-03-01 14:51:52",
        "updated_at": "2019-03-01 14:51:52",
        "deleted_at": null,
        "users_count": 51
    },
    {
        "id": 9,
        "owner_id": 9,
        "description": "Distinctio consequatur rerum corporis cumque libero cum voluptatem. Temporibus et porro explicabo molestias. Architecto quia sint quam aut temporibus.",
        "address": "85 Dufferin Ave. London N6A 1K4",
        "latitude": null,
        "longitude": null,
        "price": "12.00",
        "image": "0.png",
        "created_at": "2019-03-01 14:51:52",
        "updated_at": "2019-03-01 14:51:52",
        "deleted_at": null,
        "users_count": 50
    },
    {
        "id": 12,
        "owner_id": 12,
        "description": "Excepturi facere animi et totam sed suscipit accusantium unde. Et ut repellat recusandae repudiandae velit necessitatibus. Laboriosam qui aut inventore est voluptas repudiandae beatae.",
        "address": "275 Dundas St London N6A 4S4",
        "latitude": null,
        "longitude": null,
        "price": "19.00",
        "image": "3.png",
        "created_at": "2019-03-01 14:51:52",
        "updated_at": "2019-03-01 14:51:52",
        "deleted_at": null,
        "users_count": 50
    },
    {
        "id": 14,
        "owner_id": 14,
        "description": "Aspernatur in sequi ut quas qui sint et. Ut sed est repellat. Sunt tempora dolore rerum et cupiditate fuga autem quo. Excepturi iste a neque.",
        "address": "100 Dundas St Suite 500 London N6A 5B6",
        "latitude": null,
        "longitude": null,
        "price": "11.00",
        "image": "0.png",
        "created_at": "2019-03-01 14:51:52",
        "updated_at": "2019-03-01 14:51:52",
        "deleted_at": null,
        "users_count": 50
    },
    {
        "id": 2,
        "owner_id": 2,
        "description": "Sit numquam minus adipisci ut qui consectetur non optio. Est iure dolore cupiditate soluta et voluptate unde. Et voluptatem ut similique esse explicabo.",
        "address": "600 Clarke Rd London N6A 4Z2",
        "latitude": null,
        "longitude": null,
        "price": "11.00",
        "image": "3.png",
        "created_at": "2019-03-01 14:51:52",
        "updated_at": "2019-03-01 14:51:52",
        "deleted_at": null,
        "users_count": 49
    },
    {
        "id": 3,
        "owner_id": 3,
        "description": "Rerum distinctio velit consectetur non inventore aliquam. Odio repudiandae omnis totam itaque qui ullam qui sit. Fugiat eius eum rerum autem et quis reprehenderit.",
        "address": "800 Commissioners Rd E London N6C 6B5",
        "latitude": null,
        "longitude": null,
        "price": "6.00",
        "image": "4.png",
        "created_at": "2019-03-01 14:51:52",
        "updated_at": "2019-03-01 14:51:52",
        "deleted_at": null,
        "users_count": 48
    },
    {
        "id": 34,
        "owner_id": 34,
        "description": "Consequatur temporibus facilis blanditiis illo dignissimos neque eos. Similique eum quae similique tempora eaque. Impedit necessitatibus repellat cum nihil. Tenetur voluptates rerum et debitis aut. Dolores voluptatibus et animi voluptas dicta suscipit minima officia.",
        "address": "300 Wellington St London N6B 2L5",
        "latitude": null,
        "longitude": null,
        "price": "5.00",
        "image": "0.png",
        "created_at": "2019-03-01 14:51:53",
        "updated_at": "2019-03-01 14:51:53",
        "deleted_at": null,
        "users_count": 48
    },
    {
        "id": 36,
        "owner_id": 36,
        "description": "Molestiae id aliquam ut natus soluta facilis. Quaerat sit sapiente id ea. Maiores distinctio ratione explicabo harum. Quasi qui numquam repellendus.",
        "address": "369 York St London N6A 4G1",
        "latitude": null,
        "longitude": null,
        "price": "18.00",
        "image": "2.png",
        "created_at": "2019-03-01 14:51:53",
        "updated_at": "2019-03-01 14:51:53",
        "deleted_at": null,
        "users_count": 48
    },
    {
        "id": 7,
        "owner_id": 7,
        "description": "Omnis velit vel mollitia consectetur tempora ut odio. Hic ipsam error qui quia corporis. Eveniet architecto temporibus autem quos vitae dignissimos. Consequatur illum earum omnis quia exercitationem est.",
        "address": "255 Dufferin Ave London N6A 4K1",
        "latitude": null,
        "longitude": null,
        "price": "19.00",
        "image": "3.png",
        "created_at": "2019-03-01 14:51:52",
        "updated_at": "2019-03-01 14:51:52",
        "deleted_at": null,
        "users_count": 47
    },
    {
        "id": 22,
        "owner_id": 22,
        "description": "Voluptatem dignissimos sit magnam cupiditate officiis ut. Veniam occaecati amet occaecati debitis esse nostrum. Iusto ipsam neque voluptatem. Ipsam qui velit autem ex sed dolores occaecati.",
        "address": "1907 Oxford St E. London N5V 4L9",
        "latitude": null,
        "longitude": null,
        "price": "7.00",
        "image": "3.png",
        "created_at": "2019-03-01 14:51:53",
        "updated_at": "2019-03-01 14:51:53",
        "deleted_at": null,
        "users_count": 47
    },
    {
        "id": 31,
        "owner_id": 31,
        "description": "In voluptatem omnis ad excepturi. Pariatur necessitatibus voluptas excepturi. Tempora vel numquam dicta.",
        "address": "450 Talbot St London N6A 4K3",
        "latitude": null,
        "longitude": null,
        "price": "11.00",
        "image": "2.png",
        "created_at": "2019-03-01 14:51:53",
        "updated_at": "2019-03-01 14:51:53",
        "deleted_at": null,
        "users_count": 47
    },
    {
        "id": 4,
        "owner_id": 4,
        "description": "Ullam molestiae ut ea unde ut laborum quaerat labore. Sed culpa sit quae incidunt voluptatem ut. Autem veniam architecto iure molestiae. Voluptates vitae et sunt blanditiis labore ut sed.",
        "address": "181 Commissioners Road West London N6J 1X9",
        "latitude": null,
        "longitude": null,
        "price": "16.00",
        "image": "0.png",
        "created_at": "2019-03-01 14:51:52",
        "updated_at": "2019-03-01 14:51:52",
        "deleted_at": null,
        "users_count": 44
    },
    {
        "id": 17,
        "owner_id": 17,
        "description": "Asperiores expedita ad error libero. Sunt delectus odio et et tenetur hic molestias. Occaecati quia tenetur sunt ut illum officiis. Velit distinctio autem enim vero est asperiores dolor magni.",
        "address": "450 Highbury Ave. N London N5W 5L2",
        "latitude": null,
        "longitude": null,
        "price": "13.00",
        "image": "3.png",
        "created_at": "2019-03-01 14:51:52",
        "updated_at": "2019-03-01 14:51:52",
        "deleted_at": null,
        "users_count": 44
    },
    {
        "id": 18,
        "owner_id": 18,
        "description": "Tempore quibusdam aliquid sint ut repellat ad voluptate. Totam recusandae aut explicabo temporibus. Repellendus voluptas beatae architecto temporibus.",
        "address": "1881 Huron St London N5V 3A5",
        "latitude": null,
        "longitude": null,
        "price": "20.00",
        "image": "4.png",
        "created_at": "2019-03-01 14:51:53",
        "updated_at": "2019-03-01 14:51:53",
        "deleted_at": null,
        "users_count": 41
    },
    {
        "id": 11,
        "owner_id": 11,
        "description": "In nulla dignissimos provident sit et minima perferendis maiores. Voluptatem et consectetur rerum quod consequuntur suscipit voluptatem.",
        "address": "1200 Dundas St Woodstock N4S 7Y9",
        "latitude": null,
        "longitude": null,
        "price": "18.00",
        "image": "2.png",
        "created_at": "2019-03-01 14:51:52",
        "updated_at": "2019-03-01 14:51:52",
        "deleted_at": null,
        "users_count": 34
    }
]