[
    {
        "id": 26,
        "name": "Emelie Fisher",
        "phone": "(843) 635-8045 x5720",
        "age": 31,
        "email": "ymckenzie@example.net",
        "email_verified_at": "2019-03-01 14:51:51",
        "created_at": "2019-03-01 14:51:52",
        "updated_at": "2019-03-01 14:51:52",
        "ads_count": 30
    },
    {
        "id": 50,
        "name": "Emanuel Jenkins",
        "phone": "467-793-3670 x201",
        "age": 52,
        "email": "lilliana62@example.net",
        "email_verified_at": "2019-03-01 14:51:51",
        "created_at": "2019-03-01 14:51:52",
        "updated_at": "2019-03-01 14:51:52",
        "ads_count": 29
    },
    {
        "id": 17,
        "name": "Candido Farrell DVM",
        "phone": "272.718.1148",
        "age": 44,
        "email": "nelda78@example.org",
        "email_verified_at": "2019-03-01 14:51:51",
        "created_at": "2019-03-01 14:51:52",
        "updated_at": "2019-03-01 14:51:52",
        "ads_count": 28
    },
    {
        "id": 74,
        "name": "Myron Schiller",
        "phone": "959-955-8383",
        "age": 33,
        "email": "mconroy@example.org",
        "email_verified_at": "2019-03-01 14:51:51",
        "created_at": "2019-03-01 14:51:52",
        "updated_at": "2019-03-01 14:51:52",
        "ads_count": 28
    },
    {
        "id": 65,
        "name": "Hope Mayert V",
        "phone": "938-869-7635",
        "age": 48,
        "email": "elvie76@example.org",
        "email_verified_at": "2019-03-01 14:51:51",
        "created_at": "2019-03-01 14:51:52",
        "updated_at": "2019-03-01 14:51:52",
        "ads_count": 28
    },
    {
        "id": 85,
        "name": "Sydnie Wehner DDS",
        "phone": "380-800-0522",
        "age": 58,
        "email": "onie.boyle@example.org",
        "email_verified_at": "2019-03-01 14:51:51",
        "created_at": "2019-03-01 14:51:52",
        "updated_at": "2019-03-01 14:51:52",
        "ads_count": 28
    },
    {
        "id": 10,
        "name": "Miss Annette Kozey",
        "phone": "+13422938912",
        "age": 48,
        "email": "amy.white@example.net",
        "email_verified_at": "2019-03-01 14:51:51",
        "created_at": "2019-03-01 14:51:52",
        "updated_at": "2019-03-01 14:51:52",
        "ads_count": 28
    },
    {
        "id": 72,
        "name": "Miguel Jaskolski",
        "phone": "1-518-827-5819 x672",
        "age": 44,
        "email": "raoul.sawayn@example.org",
        "email_verified_at": "2019-03-01 14:51:51",
        "created_at": "2019-03-01 14:51:52",
        "updated_at": "2019-03-01 14:51:52",
        "ads_count": 27
    },
    {
        "id": 89,
        "name": "Geovanni Renner",
        "phone": "598.253.6115",
        "age": 58,
        "email": "vandervort.glenna@example.net",
        "email_verified_at": "2019-03-01 14:51:51",
        "created_at": "2019-03-01 14:51:52",
        "updated_at": "2019-03-01 14:51:52",
        "ads_count": 27
    },
    {
        "id": 54,
        "name": "Hollie O'Kon",
        "phone": "957-220-9449 x34291",
        "age": 23,
        "email": "hagenes.shayna@example.net",
        "email_verified_at": "2019-03-01 14:51:51",
        "created_at": "2019-03-01 14:51:52",
        "updated_at": "2019-03-01 14:51:52",
        "ads_count": 26
    },
    {
        "id": 86,
        "name": "Prof. Anibal Bode",
        "phone": "+13437209821",
        "age": 21,
        "email": "xheidenreich@example.net",
        "email_verified_at": "2019-03-01 14:51:51",
        "created_at": "2019-03-01 14:51:52",
        "updated_at": "2019-03-01 14:51:52",
        "ads_count": 26
    },
    {
        "id": 67,
        "name": "Stephan Crist PhD",
        "phone": "+1.635.581.6139",
        "age": 33,
        "email": "gordon10@example.com",
        "email_verified_at": "2019-03-01 14:51:51",
        "created_at": "2019-03-01 14:51:52",
        "updated_at": "2019-03-01 14:51:52",
        "ads_count": 26
    },
    {
        "id": 57,
        "name": "Hazle Zboncak Jr.",
        "phone": "+1-594-523-3473",
        "age": 33,
        "email": "reggie.huels@example.org",
        "email_verified_at": "2019-03-01 14:51:51",
        "created_at": "2019-03-01 14:51:52",
        "updated_at": "2019-03-01 14:51:52",
        "ads_count": 25
    },
    {
        "id": 30,
        "name": "Jaqueline Fay",
        "phone": "(823) 227-8600 x626",
        "age": 25,
        "email": "genesis.mccullough@example.org",
        "email_verified_at": "2019-03-01 14:51:51",
        "created_at": "2019-03-01 14:51:52",
        "updated_at": "2019-03-01 14:51:52",
        "ads_count": 25
    },
    {
        "id": 32,
        "name": "Helena Herman",
        "phone": "234-912-6887",
        "age": 36,
        "email": "hills.ray@example.net",
        "email_verified_at": "2019-03-01 14:51:51",
        "created_at": "2019-03-01 14:51:52",
        "updated_at": "2019-03-01 14:51:52",
        "ads_count": 25
    },
    {
        "id": 88,
        "name": "Bettie Stanton",
        "phone": "920-873-0166 x8961",
        "age": 20,
        "email": "wkrajcik@example.com",
        "email_verified_at": "2019-03-01 14:51:51",
        "created_at": "2019-03-01 14:51:52",
        "updated_at": "2019-03-01 14:51:52",
        "ads_count": 25
    },
    {
        "id": 70,
        "name": "Yessenia Braun",
        "phone": "(319) 803-0565 x667",
        "age": 42,
        "email": "armani.carroll@example.org",
        "email_verified_at": "2019-03-01 14:51:51",
        "created_at": "2019-03-01 14:51:52",
        "updated_at": "2019-03-01 14:51:52",
        "ads_count": 25
    },
    {
        "id": 46,
        "name": "Mr. Joany Tremblay",
        "phone": "228.374.5774 x3469",
        "age": 36,
        "email": "malachi.moore@example.net",
        "email_verified_at": "2019-03-01 14:51:51",
        "created_at": "2019-03-01 14:51:52",
        "updated_at": "2019-03-01 14:51:52",
        "ads_count": 25
    },
    {
        "id": 61,
        "name": "Kathlyn Kovacek",
        "phone": "+1-740-345-6419",
        "age": 35,
        "email": "botsford.tristin@example.org",
        "email_verified_at": "2019-03-01 14:51:51",
        "created_at": "2019-03-01 14:51:52",
        "updated_at": "2019-03-01 14:51:52",
        "ads_count": 25
    },
    {
        "id": 45,
        "name": "Dax O'Connell",
        "phone": "+1-824-389-1700",
        "age": 50,
        "email": "zella.schmidt@example.org",
        "email_verified_at": "2019-03-01 14:51:51",
        "created_at": "2019-03-01 14:51:52",
        "updated_at": "2019-03-01 14:51:52",
        "ads_count": 24
    },
    {
        "id": 13,
        "name": "Desmond Lebsack",
        "phone": "+1.539.816.8150",
        "age": 32,
        "email": "mschoen@example.org",
        "email_verified_at": "2019-03-01 14:51:51",
        "created_at": "2019-03-01 14:51:52",
        "updated_at": "2019-03-01 14:51:52",
        "ads_count": 24
    },
    {
        "id": 40,
        "name": "Harry Haag I",
        "phone": "1-251-296-7663 x1539",
        "age": 24,
        "email": "cremin.isabella@example.net",
        "email_verified_at": "2019-03-01 14:51:51",
        "created_at": "2019-03-01 14:51:52",
        "updated_at": "2019-03-01 14:51:52",
        "ads_count": 23
    },
    {
        "id": 66,
        "name": "Lilyan Quigley",
        "phone": "1-298-608-7430 x1122",
        "age": 24,
        "email": "hermann.jaquelin@example.com",
        "email_verified_at": "2019-03-01 14:51:51",
        "created_at": "2019-03-01 14:51:52",
        "updated_at": "2019-03-01 14:51:52",
        "ads_count": 23
    },
    {
        "id": 20,
        "name": "Earlene Hane",
        "phone": "+17425727864",
        "age": 35,
        "email": "boyer.carolina@example.org",
        "email_verified_at": "2019-03-01 14:51:51",
        "created_at": "2019-03-01 14:51:52",
        "updated_at": "2019-03-01 14:51:52",
        "ads_count": 23
    },
    {
        "id": 14,
        "name": "Ceasar Frami I",
        "phone": "1-308-675-6446",
        "age": 40,
        "email": "iroberts@example.com",
        "email_verified_at": "2019-03-01 14:51:51",
        "created_at": "2019-03-01 14:51:52",
        "updated_at": "2019-03-01 14:51:52",
        "ads_count": 23
    },
    {
        "id": 56,
        "name": "Mrs. Yoshiko Rowe DVM",
        "phone": "+13863693035",
        "age": 26,
        "email": "tony93@example.com",
        "email_verified_at": "2019-03-01 14:51:51",
        "created_at": "2019-03-01 14:51:52",
        "updated_at": "2019-03-01 14:51:52",
        "ads_count": 23
    },
    {
        "id": 59,
        "name": "Rhoda Lind",
        "phone": "1-960-207-7027 x3790",
        "age": 25,
        "email": "lacy90@example.org",
        "email_verified_at": "2019-03-01 14:51:51",
        "created_at": "2019-03-01 14:51:52",
        "updated_at": "2019-03-01 14:51:52",
        "ads_count": 23
    },
    {
        "id": 58,
        "name": "Oda Schumm",
        "phone": "+1.815.583.9166",
        "age": 35,
        "email": "ghilpert@example.org",
        "email_verified_at": "2019-03-01 14:51:51",
        "created_at": "2019-03-01 14:51:52",
        "updated_at": "2019-03-01 14:51:52",
        "ads_count": 23
    },
    {
        "id": 27,
        "name": "Miss Violette Hessel IV",
        "phone": "892.205.7329",
        "age": 45,
        "email": "samanta.christiansen@example.net",
        "email_verified_at": "2019-03-01 14:51:51",
        "created_at": "2019-03-01 14:51:52",
        "updated_at": "2019-03-01 14:51:52",
        "ads_count": 23
    },
    {
        "id": 96,
        "name": "Dr. Alden Hills IV",
        "phone": "+1.810.290.5552",
        "age": 57,
        "email": "georgette34@example.com",
        "email_verified_at": "2019-03-01 14:51:51",
        "created_at": "2019-03-01 14:51:52",
        "updated_at": "2019-03-01 14:51:52",
        "ads_count": 22
    },
    {
        "id": 90,
        "name": "Rick Bradtke",
        "phone": "+1-307-709-0408",
        "age": 18,
        "email": "kelsie.goodwin@example.com",
        "email_verified_at": "2019-03-01 14:51:51",
        "created_at": "2019-03-01 14:51:52",
        "updated_at": "2019-03-01 14:51:52",
        "ads_count": 22
    },
    {
        "id": 60,
        "name": "Isobel Friesen",
        "phone": "714.371.0637 x108",
        "age": 55,
        "email": "oran.kovacek@example.net",
        "email_verified_at": "2019-03-01 14:51:51",
        "created_at": "2019-03-01 14:51:52",
        "updated_at": "2019-03-01 14:51:52",
        "ads_count": 22
    },
    {
        "id": 42,
        "name": "Jaqueline Armstrong",
        "phone": "812.937.8302",
        "age": 27,
        "email": "isabell16@example.com",
        "email_verified_at": "2019-03-01 14:51:51",
        "created_at": "2019-03-01 14:51:52",
        "updated_at": "2019-03-01 14:51:52",
        "ads_count": 22
    },
    {
        "id": 82,
        "name": "Emmitt Torp",
        "phone": "(402) 273-2924 x140",
        "age": 56,
        "email": "breilly@example.org",
        "email_verified_at": "2019-03-01 14:51:51",
        "created_at": "2019-03-01 14:51:52",
        "updated_at": "2019-03-01 14:51:52",
        "ads_count": 22
    },
    {
        "id": 4,
        "name": "Benton Kris DVM",
        "phone": "+1 (689) 364-9538",
        "age": 29,
        "email": "qgerhold@example.com",
        "email_verified_at": "2019-03-01 14:51:51",
        "created_at": "2019-03-01 14:51:51",
        "updated_at": "2019-03-01 14:51:51",
        "ads_count": 22
    },
    {
        "id": 84,
        "name": "Elena Bechtelar",
        "phone": "1-217-631-4190 x08480",
        "age": 51,
        "email": "noemi.hammes@example.org",
        "email_verified_at": "2019-03-01 14:51:51",
        "created_at": "2019-03-01 14:51:52",
        "updated_at": "2019-03-01 14:51:52",
        "ads_count": 21
    },
    {
        "id": 34,
        "name": "Prof. Ulices Zieme",
        "phone": "1-392-384-1140 x16916",
        "age": 50,
        "email": "kkeebler@example.com",
        "email_verified_at": "2019-03-01 14:51:51",
        "created_at": "2019-03-01 14:51:52",
        "updated_at": "2019-03-01 14:51:52",
        "ads_count": 21
    },
    {
        "id": 48,
        "name": "Saul Rice",
        "phone": "1-521-972-9107 x557",
        "age": 21,
        "email": "lledner@example.org",
        "email_verified_at": "2019-03-01 14:51:51",
        "created_at": "2019-03-01 14:51:52",
        "updated_at": "2019-03-01 14:51:52",
        "ads_count": 21
    },
    {
        "id": 80,
        "name": "Dr. Josiah Mohr V",
        "phone": "+1 (735) 435-0963",
        "age": 21,
        "email": "kuhic.liam@example.org",
        "email_verified_at": "2019-03-01 14:51:51",
        "created_at": "2019-03-01 14:51:52",
        "updated_at": "2019-03-01 14:51:52",
        "ads_count": 21
    },
    {
        "id": 2,
        "name": "Prof. Elyse Medhurst III",
        "phone": "515.535.9980 x024",
        "age": 55,
        "email": "amos.dibbert@example.org",
        "email_verified_at": "2019-03-01 14:51:51",
        "created_at": "2019-03-01 14:51:51",
        "updated_at": "2019-03-01 14:51:51",
        "ads_count": 21
    },
    {
        "id": 35,
        "name": "Alexys Langworth V",
        "phone": "687.432.5039",
        "age": 21,
        "email": "whoeger@example.org",
        "email_verified_at": "2019-03-01 14:51:51",
        "created_at": "2019-03-01 14:51:52",
        "updated_at": "2019-03-01 14:51:52",
        "ads_count": 21
    },
    {
        "id": 55,
        "name": "Una Runolfsdottir",
        "phone": "+1-930-386-1088",
        "age": 23,
        "email": "ycummerata@example.org",
        "email_verified_at": "2019-03-01 14:51:51",
        "created_at": "2019-03-01 14:51:52",
        "updated_at": "2019-03-01 14:51:52",
        "ads_count": 21
    },
    {
        "id": 64,
        "name": "Garfield Keeling",
        "phone": "880.804.6999",
        "age": 38,
        "email": "zschroeder@example.com",
        "email_verified_at": "2019-03-01 14:51:51",
        "created_at": "2019-03-01 14:51:52",
        "updated_at": "2019-03-01 14:51:52",
        "ads_count": 21
    },
    {
        "id": 99,
        "name": "Domenick Witting",
        "phone": "1-646-292-3020 x4429",
        "age": 60,
        "email": "fbarrows@example.com",
        "email_verified_at": "2019-03-01 14:51:51",
        "created_at": "2019-03-01 14:51:52",
        "updated_at": "2019-03-01 14:51:52",
        "ads_count": 20
    },
    {
        "id": 37,
        "name": "Matteo Casper Sr.",
        "phone": "627.627.5563 x62776",
        "age": 48,
        "email": "conn.roman@example.org",
        "email_verified_at": "2019-03-01 14:51:51",
        "created_at": "2019-03-01 14:51:52",
        "updated_at": "2019-03-01 14:51:52",
        "ads_count": 20
    },
    {
        "id": 81,
        "name": "Elmore Flatley",
        "phone": "267.518.9569",
        "age": 30,
        "email": "abernathy.lenna@example.com",
        "email_verified_at": "2019-03-01 14:51:51",
        "created_at": "2019-03-01 14:51:52",
        "updated_at": "2019-03-01 14:51:52",
        "ads_count": 20
    },
    {
        "id": 12,
        "name": "Dr. Abdiel Adams V",
        "phone": "1-302-949-6846",
        "age": 35,
        "email": "deon.douglas@example.org",
        "email_verified_at": "2019-03-01 14:51:51",
        "created_at": "2019-03-01 14:51:52",
        "updated_at": "2019-03-01 14:51:52",
        "ads_count": 20
    },
    {
        "id": 92,
        "name": "Cecilia Murazik V",
        "phone": "709.364.5059 x995",
        "age": 36,
        "email": "lswaniawski@example.com",
        "email_verified_at": "2019-03-01 14:51:51",
        "created_at": "2019-03-01 14:51:52",
        "updated_at": "2019-03-01 14:51:52",
        "ads_count": 20
    },
    {
        "id": 53,
        "name": "Mrs. Prudence Denesik III",
        "phone": "(970) 792-5502",
        "age": 40,
        "email": "rashawn.douglas@example.com",
        "email_verified_at": "2019-03-01 14:51:51",
        "created_at": "2019-03-01 14:51:52",
        "updated_at": "2019-03-01 14:51:52",
        "ads_count": 20
    },
    {
        "id": 22,
        "name": "Paige Howell",
        "phone": "(662) 308-4998 x416",
        "age": 54,
        "email": "erich81@example.com",
        "email_verified_at": "2019-03-01 14:51:51",
        "created_at": "2019-03-01 14:51:52",
        "updated_at": "2019-03-01 14:51:52",
        "ads_count": 20
    },
    {
        "id": 38,
        "name": "Wilfred Mann",
        "phone": "1-989-916-3608",
        "age": 29,
        "email": "fabiola87@example.org",
        "email_verified_at": "2019-03-01 14:51:51",
        "created_at": "2019-03-01 14:51:52",
        "updated_at": "2019-03-01 14:51:52",
        "ads_count": 20
    },
    {
        "id": 91,
        "name": "Natasha Gusikowski",
        "phone": "1-316-252-5451 x9174",
        "age": 19,
        "email": "brant20@example.com",
        "email_verified_at": "2019-03-01 14:51:51",
        "created_at": "2019-03-01 14:51:52",
        "updated_at": "2019-03-01 14:51:52",
        "ads_count": 20
    },
    {
        "id": 43,
        "name": "Casimer Ortiz III",
        "phone": "409.847.5522 x936",
        "age": 43,
        "email": "rschuster@example.net",
        "email_verified_at": "2019-03-01 14:51:51",
        "created_at": "2019-03-01 14:51:52",
        "updated_at": "2019-03-01 14:51:52",
        "ads_count": 20
    },
    {
        "id": 15,
        "name": "Mr. Ellis White",
        "phone": "876.519.9064",
        "age": 52,
        "email": "bernadine41@example.net",
        "email_verified_at": "2019-03-01 14:51:51",
        "created_at": "2019-03-01 14:51:52",
        "updated_at": "2019-03-01 14:51:52",
        "ads_count": 19
    },
    {
        "id": 39,
        "name": "Zander Bosco",
        "phone": "872.798.7490",
        "age": 44,
        "email": "nebert@example.com",
        "email_verified_at": "2019-03-01 14:51:51",
        "created_at": "2019-03-01 14:51:52",
        "updated_at": "2019-03-01 14:51:52",
        "ads_count": 19
    },
    {
        "id": 33,
        "name": "Ms. Princess Crooks",
        "phone": "+1.771.680.7830",
        "age": 21,
        "email": "stan92@example.net",
        "email_verified_at": "2019-03-01 14:51:51",
        "created_at": "2019-03-01 14:51:52",
        "updated_at": "2019-03-01 14:51:52",
        "ads_count": 19
    },
    {
        "id": 95,
        "name": "Alva Marvin",
        "phone": "364-482-9523",
        "age": 41,
        "email": "dmccullough@example.com",
        "email_verified_at": "2019-03-01 14:51:51",
        "created_at": "2019-03-01 14:51:52",
        "updated_at": "2019-03-01 14:51:52",
        "ads_count": 19
    },
    {
        "id": 11,
        "name": "Alayna Will V",
        "phone": "880-841-4856 x2712",
        "age": 19,
        "email": "raven74@example.net",
        "email_verified_at": "2019-03-01 14:51:51",
        "created_at": "2019-03-01 14:51:52",
        "updated_at": "2019-03-01 14:51:52",
        "ads_count": 19
    },
    {
        "id": 8,
        "name": "Alvah Windler",
        "phone": "1-520-992-8173",
        "age": 57,
        "email": "blick.barbara@example.net",
        "email_verified_at": "2019-03-01 14:51:51",
        "created_at": "2019-03-01 14:51:51",
        "updated_at": "2019-03-01 14:51:51",
        "ads_count": 19
    },
    {
        "id": 19,
        "name": "Jermain Schaefer",
        "phone": "(373) 451-2416 x8701",
        "age": 28,
        "email": "berniece.rutherford@example.net",
        "email_verified_at": "2019-03-01 14:51:51",
        "created_at": "2019-03-01 14:51:52",
        "updated_at": "2019-03-01 14:51:52",
        "ads_count": 19
    },
    {
        "id": 97,
        "name": "Letha Borer",
        "phone": "217-976-8778",
        "age": 54,
        "email": "eddie.mertz@example.net",
        "email_verified_at": "2019-03-01 14:51:51",
        "created_at": "2019-03-01 14:51:52",
        "updated_at": "2019-03-01 14:51:52",
        "ads_count": 19
    },
    {
        "id": 16,
        "name": "Dr. Dell Smith DVM",
        "phone": "+1.621.722.6497",
        "age": 39,
        "email": "alessia.mckenzie@example.net",
        "email_verified_at": "2019-03-01 14:51:51",
        "created_at": "2019-03-01 14:51:52",
        "updated_at": "2019-03-01 14:51:52",
        "ads_count": 19
    },
    {
        "id": 79,
        "name": "Noemie Tillman",
        "phone": "+1-951-359-4807",
        "age": 32,
        "email": "considine.leland@example.com",
        "email_verified_at": "2019-03-01 14:51:51",
        "created_at": "2019-03-01 14:51:52",
        "updated_at": "2019-03-01 14:51:52",
        "ads_count": 19
    },
    {
        "id": 76,
        "name": "Dillan Hegmann",
        "phone": "810.571.6187",
        "age": 43,
        "email": "clark.anderson@example.net",
        "email_verified_at": "2019-03-01 14:51:51",
        "created_at": "2019-03-01 14:51:52",
        "updated_at": "2019-03-01 14:51:52",
        "ads_count": 19
    },
    {
        "id": 1,
        "name": "Angel Adams",
        "phone": "273.569.4105 x41942",
        "age": 26,
        "email": "abagail.dicki@example.com",
        "email_verified_at": "2019-03-01 14:51:51",
        "created_at": "2019-03-01 14:51:51",
        "updated_at": "2019-03-01 14:51:51",
        "ads_count": 19
    },
    {
        "id": 93,
        "name": "Elmer Kuphal Jr.",
        "phone": "+1-316-833-3857",
        "age": 59,
        "email": "uboyle@example.com",
        "email_verified_at": "2019-03-01 14:51:51",
        "created_at": "2019-03-01 14:51:52",
        "updated_at": "2019-03-01 14:51:52",
        "ads_count": 18
    },
    {
        "id": 98,
        "name": "Kenyon Hoppe",
        "phone": "695.399.2821",
        "age": 37,
        "email": "hschaefer@example.org",
        "email_verified_at": "2019-03-01 14:51:51",
        "created_at": "2019-03-01 14:51:52",
        "updated_at": "2019-03-01 14:51:52",
        "ads_count": 18
    },
    {
        "id": 5,
        "name": "Dr. Jasper Schuppe DVM",
        "phone": "1-828-589-2449 x56857",
        "age": 20,
        "email": "jfadel@example.com",
        "email_verified_at": "2019-03-01 14:51:51",
        "created_at": "2019-03-01 14:51:51",
        "updated_at": "2019-03-01 14:51:51",
        "ads_count": 18
    },
    {
        "id": 62,
        "name": "Humberto Boyer",
        "phone": "225-550-0394",
        "age": 45,
        "email": "emilio.kautzer@example.org",
        "email_verified_at": "2019-03-01 14:51:51",
        "created_at": "2019-03-01 14:51:52",
        "updated_at": "2019-03-01 14:51:52",
        "ads_count": 18
    },
    {
        "id": 28,
        "name": "Mr. Royal Greenfelder Sr.",
        "phone": "347-908-1437",
        "age": 56,
        "email": "jaunita.mccullough@example.org",
        "email_verified_at": "2019-03-01 14:51:51",
        "created_at": "2019-03-01 14:51:52",
        "updated_at": "2019-03-01 14:51:52",
        "ads_count": 18
    },
    {
        "id": 31,
        "name": "Bonnie Denesik",
        "phone": "+18317317700",
        "age": 53,
        "email": "irwin.mueller@example.com",
        "email_verified_at": "2019-03-01 14:51:51",
        "created_at": "2019-03-01 14:51:52",
        "updated_at": "2019-03-01 14:51:52",
        "ads_count": 17
    },
    {
        "id": 78,
        "name": "Lane Bosco",
        "phone": "551-230-2255 x122",
        "age": 40,
        "email": "herminia28@example.org",
        "email_verified_at": "2019-03-01 14:51:51",
        "created_at": "2019-03-01 14:51:52",
        "updated_at": "2019-03-01 14:51:52",
        "ads_count": 17
    },
    {
        "id": 3,
        "name": "Mrs. Genesis Jaskolski",
        "phone": "1-491-279-1812 x0083",
        "age": 35,
        "email": "orland47@example.com",
        "email_verified_at": "2019-03-01 14:51:51",
        "created_at": "2019-03-01 14:51:51",
        "updated_at": "2019-03-01 14:51:51",
        "ads_count": 17
    },
    {
        "id": 36,
        "name": "Dr. Laurie Cronin III",
        "phone": "(346) 904-2086",
        "age": 37,
        "email": "nwisoky@example.org",
        "email_verified_at": "2019-03-01 14:51:51",
        "created_at": "2019-03-01 14:51:52",
        "updated_at": "2019-03-01 14:51:52",
        "ads_count": 17
    },
    {
        "id": 77,
        "name": "Soledad O'Kon",
        "phone": "+1-910-396-3484",
        "age": 18,
        "email": "constance42@example.org",
        "email_verified_at": "2019-03-01 14:51:51",
        "created_at": "2019-03-01 14:51:52",
        "updated_at": "2019-03-01 14:51:52",
        "ads_count": 17
    },
    {
        "id": 44,
        "name": "Magali Herman",
        "phone": "556-825-5298",
        "age": 56,
        "email": "alek.morissette@example.com",
        "email_verified_at": "2019-03-01 14:51:51",
        "created_at": "2019-03-01 14:51:52",
        "updated_at": "2019-03-01 14:51:52",
        "ads_count": 17
    },
    {
        "id": 18,
        "name": "Angus Legros Jr.",
        "phone": "575.486.0985 x88879",
        "age": 40,
        "email": "uspencer@example.com",
        "email_verified_at": "2019-03-01 14:51:51",
        "created_at": "2019-03-01 14:51:52",
        "updated_at": "2019-03-01 14:51:52",
        "ads_count": 16
    },
    {
        "id": 9,
        "name": "Kellen Williamson",
        "phone": "849.996.3681 x02207",
        "age": 45,
        "email": "myra.herman@example.org",
        "email_verified_at": "2019-03-01 14:51:51",
        "created_at": "2019-03-01 14:51:52",
        "updated_at": "2019-03-01 14:51:52",
        "ads_count": 16
    },
    {
        "id": 25,
        "name": "Dayne Kovacek",
        "phone": "(938) 691-7541 x972",
        "age": 22,
        "email": "acorwin@example.com",
        "email_verified_at": "2019-03-01 14:51:51",
        "created_at": "2019-03-01 14:51:52",
        "updated_at": "2019-03-01 14:51:52",
        "ads_count": 16
    },
    {
        "id": 7,
        "name": "Ms. Flo Zemlak",
        "phone": "315-340-2478",
        "age": 30,
        "email": "miller.rachel@example.com",
        "email_verified_at": "2019-03-01 14:51:51",
        "created_at": "2019-03-01 14:51:51",
        "updated_at": "2019-03-01 14:51:51",
        "ads_count": 16
    },
    {
        "id": 24,
        "name": "Buster Terry",
        "phone": "1-542-437-3532",
        "age": 38,
        "email": "hane.vernice@example.com",
        "email_verified_at": "2019-03-01 14:51:51",
        "created_at": "2019-03-01 14:51:52",
        "updated_at": "2019-03-01 14:51:52",
        "ads_count": 16
    },
    {
        "id": 51,
        "name": "Dane O'Keefe",
        "phone": "549-722-0583 x528",
        "age": 39,
        "email": "hansen.loren@example.org",
        "email_verified_at": "2019-03-01 14:51:51",
        "created_at": "2019-03-01 14:51:52",
        "updated_at": "2019-03-01 14:51:52",
        "ads_count": 15
    },
    {
        "id": 63,
        "name": "Charles Legros Jr.",
        "phone": "+1.583.479.1447",
        "age": 40,
        "email": "runolfsson.mathilde@example.net",
        "email_verified_at": "2019-03-01 14:51:51",
        "created_at": "2019-03-01 14:51:52",
        "updated_at": "2019-03-01 14:51:52",
        "ads_count": 15
    },
    {
        "id": 68,
        "name": "Miss Earlene McDermott",
        "phone": "(406) 944-4046",
        "age": 22,
        "email": "margaretta36@example.com",
        "email_verified_at": "2019-03-01 14:51:51",
        "created_at": "2019-03-01 14:51:52",
        "updated_at": "2019-03-01 14:51:52",
        "ads_count": 15
    },
    {
        "id": 47,
        "name": "Zakary Waters",
        "phone": "737.906.0261 x28773",
        "age": 44,
        "email": "zachariah.leannon@example.org",
        "email_verified_at": "2019-03-01 14:51:51",
        "created_at": "2019-03-01 14:51:52",
        "updated_at": "2019-03-01 14:51:52",
        "ads_count": 15
    },
    {
        "id": 41,
        "name": "Karelle Daugherty IV",
        "phone": "1-571-333-4568",
        "age": 50,
        "email": "stacey.larkin@example.net",
        "email_verified_at": "2019-03-01 14:51:51",
        "created_at": "2019-03-01 14:51:52",
        "updated_at": "2019-03-01 14:51:52",
        "ads_count": 15
    },
    {
        "id": 100,
        "name": "Jordy Pacocha",
        "phone": "+1 (526) 755-5962",
        "age": 58,
        "email": "khahn@example.com",
        "email_verified_at": "2019-03-01 14:51:51",
        "created_at": "2019-03-01 14:51:52",
        "updated_at": "2019-03-01 14:51:52",
        "ads_count": 15
    },
    {
        "id": 94,
        "name": "Dr. Waldo Harris I",
        "phone": "(254) 297-9795",
        "age": 48,
        "email": "dwisoky@example.org",
        "email_verified_at": "2019-03-01 14:51:51",
        "created_at": "2019-03-01 14:51:52",
        "updated_at": "2019-03-01 14:51:52",
        "ads_count": 15
    },
    {
        "id": 73,
        "name": "Dr. Elbert Padberg",
        "phone": "(369) 592-3358",
        "age": 51,
        "email": "jast.thomas@example.org",
        "email_verified_at": "2019-03-01 14:51:51",
        "created_at": "2019-03-01 14:51:52",
        "updated_at": "2019-03-01 14:51:52",
        "ads_count": 15
    },
    {
        "id": 52,
        "name": "Gilbert Swaniawski I",
        "phone": "927.784.2953 x49506",
        "age": 42,
        "email": "boehm.darrin@example.org",
        "email_verified_at": "2019-03-01 14:51:51",
        "created_at": "2019-03-01 14:51:52",
        "updated_at": "2019-03-01 14:51:52",
        "ads_count": 15
    },
    {
        "id": 6,
        "name": "Xavier Crist DVM",
        "phone": "672-731-8551",
        "age": 33,
        "email": "champlin.vivienne@example.net",
        "email_verified_at": "2019-03-01 14:51:51",
        "created_at": "2019-03-01 14:51:51",
        "updated_at": "2019-03-01 14:51:51",
        "ads_count": 14
    },
    {
        "id": 29,
        "name": "Elenor Jacobs",
        "phone": "504-817-3688 x44059",
        "age": 47,
        "email": "georgiana.altenwerth@example.net",
        "email_verified_at": "2019-03-01 14:51:51",
        "created_at": "2019-03-01 14:51:52",
        "updated_at": "2019-03-01 14:51:52",
        "ads_count": 14
    },
    {
        "id": 83,
        "name": "Ms. Shanelle Schaefer",
        "phone": "+1.513.898.8620",
        "age": 27,
        "email": "rosina53@example.com",
        "email_verified_at": "2019-03-01 14:51:51",
        "created_at": "2019-03-01 14:51:52",
        "updated_at": "2019-03-01 14:51:52",
        "ads_count": 14
    },
    {
        "id": 71,
        "name": "Karen Littel",
        "phone": "1-948-534-2711",
        "age": 55,
        "email": "abby70@example.net",
        "email_verified_at": "2019-03-01 14:51:51",
        "created_at": "2019-03-01 14:51:52",
        "updated_at": "2019-03-01 14:51:52",
        "ads_count": 14
    },
    {
        "id": 21,
        "name": "Amelie Nader PhD",
        "phone": "+1 (893) 423-1612",
        "age": 50,
        "email": "therzog@example.com",
        "email_verified_at": "2019-03-01 14:51:51",
        "created_at": "2019-03-01 14:51:52",
        "updated_at": "2019-03-01 14:51:52",
        "ads_count": 13
    },
    {
        "id": 75,
        "name": "Sam Okuneva",
        "phone": "396.589.6290 x022",
        "age": 55,
        "email": "rachel.walter@example.org",
        "email_verified_at": "2019-03-01 14:51:51",
        "created_at": "2019-03-01 14:51:52",
        "updated_at": "2019-03-01 14:51:52",
        "ads_count": 13
    },
    {
        "id": 23,
        "name": "Prof. Nicholas Casper",
        "phone": "1-315-278-6840",
        "age": 26,
        "email": "khills@example.net",
        "email_verified_at": "2019-03-01 14:51:51",
        "created_at": "2019-03-01 14:51:52",
        "updated_at": "2019-03-01 14:51:52",
        "ads_count": 13
    },
    {
        "id": 69,
        "name": "Triston Marquardt",
        "phone": "+1-212-850-4871",
        "age": 44,
        "email": "melissa57@example.com",
        "email_verified_at": "2019-03-01 14:51:51",
        "created_at": "2019-03-01 14:51:52",
        "updated_at": "2019-03-01 14:51:52",
        "ads_count": 11
    },
    {
        "id": 49,
        "name": "Talon Towne",
        "phone": "608-660-6756",
        "age": 55,
        "email": "payton01@example.org",
        "email_verified_at": "2019-03-01 14:51:51",
        "created_at": "2019-03-01 14:51:52",
        "updated_at": "2019-03-01 14:51:52",
        "ads_count": 11
    },
    {
        "id": 87,
        "name": "Madelynn Greenfelder",
        "phone": "1-759-795-7186 x15928",
        "age": 34,
        "email": "samantha68@example.com",
        "email_verified_at": "2019-03-01 14:51:51",
        "created_at": "2019-03-01 14:51:52",
        "updated_at": "2019-03-01 14:51:52",
        "ads_count": 10
    }
]